O/N,Category,Name,Rec.Price,Price,EAN,Supplier ID,Article No,Margin.Price,Weight,Stock,Description_html,image_1,image_2,image_3,image_4,image_5,image_6,image_7,image_8,image_9,image_10,image_11,image_12,image_13,image_14,image_15,PageUrl
NEW,SOUND & PICTURE,STREETZ CM-751 Vattentålig BT-högtalare IPX5  orange,223.61,349.00,7333048030801,CM751,165843,69.24,0.3,0,<div class="pi_summary">Mångsidig- bärbar och cool. Med denna trådlösa högtalare i tygdesign från STREETZ kan du och dina vänner njuta av musik på språng. Vill du inte använde Bluetooth kan du använda dig av 3-5mm ljudingången.<br><br>Trots sin storlek kommer 6W-högtalaren att ge dig många timmar med musik och fungerar även som högtalartelefon. Smidigt då du slipper plocka upp din mobiltelefon vid inkommande samtal.</div>,http://www.auroragroup.se/actions/aGetImage.aspx?n=165843_01.jpg&s=800x800&f=png,http://www.auroragroup.se/actions/aGetImage.aspx?n=165843_02.jpg&s=800x800&f=png,http://www.auroragroup.se/actions/aGetImage.aspx?n=165843_03.jpg&s=800x800&f=png,http://www.auroragroup.se/actions/aGetImage.aspx?n=165843_04.jpg&s=800x800&f=png,http://www.auroragroup.se/actions/aGetImage.aspx?n=165843_05.jpg&s=800x800&f=png,http://www.auroragroup.se/actions/aGetImage.aspx?n=165843_06.jpg&s=800x800&f=png,http://www.auroragroup.se/actions/aGetImage.aspx?n=165843_07.jpg&s=800x800&f=png,http://www.auroragroup.se/actions/aGetImage.aspx?n=165843_08.jpg&s=800x800&f=png, , , , , , , ,http://www.auroragroup.se/sv/#ac=m_W3S&ns=ns2&pi=p165843&vs=v3
NEW,SOUND & PICTURE,STREETZ CM-752 Vattentålig Bluetooth-högtalare IPX5  blå,223.61,349.00,7333048030818,CM752,165844,69.24,0.3,0,<div class="pi_summary">Mångsidig- bärbar och cool. Med denna trådlösa högtalare i tygdesign från STREETZ kan du och dina vänner njuta av musik på språng. Vill du inte använda Bluetooth kan du använda dig av 3-5mm ljudingången.<br><br>Trots sin storlek kommer 6W-högtalaren att ge dig många timmar med musik och fungerar även som högtalartelefon. Smidigt då du slipper plocka upp din mobiltelefon vid inkommande samtal.</div>,http://www.auroragroup.se/actions/aGetImage.aspx?n=165844_01.jpg&s=800x800&f=png,http://www.auroragroup.se/actions/aGetImage.aspx?n=165844_02.jpg&s=800x800&f=png,http://www.auroragroup.se/actions/aGetImage.aspx?n=165844_03.jpg&s=800x800&f=png,http://www.auroragroup.se/actions/aGetImage.aspx?n=165844_04.jpg&s=800x800&f=png,http://www.auroragroup.se/actions/aGetImage.aspx?n=165844_05.jpg&s=800x800&f=png,http://www.auroragroup.se/actions/aGetImage.aspx?n=165844_06.jpg&s=800x800&f=png,http://www.auroragroup.se/actions/aGetImage.aspx?n=165844_07.jpg&s=800x800&f=png,http://www.auroragroup.se/actions/aGetImage.aspx?n=165844_08.jpg&s=800x800&f=png,http://www.auroragroup.se/actions/aGetImage.aspx?n=165844_09.jpg&s=800x800&f=png, , , , , , ,http://www.auroragroup.se/sv/#ac=m_W3S&ns=ns2&pi=p165844&vs=v3
NEW,SOUND & PICTURE,STREETZ CM-754 Vattentålig BT-högtalare IPX5  orange,255.61,399.00,7333048030832,CM754,165841,79.24,0.3,0,<div class="pi_summary">Kraftfull- bärbar och cool. Med denna trådlösa högtalare i tygdesign från STREETZ kan du och dina vänner njuta av musik på språng. Vill du inte använda Bluetooth så har den en 3-5mm ljudingång.<br><br>Trots sin storlek kommer denna 2x5W-högtalare ge dig bra ljud- timmar av musik och den kan också fungera som högtalartelefon om det behövs.</div>,http://www.auroragroup.se/actions/aGetImage.aspx?n=165841_01.jpg&s=800x800&f=png,http://www.auroragroup.se/actions/aGetImage.aspx?n=165841_02.jpg&s=800x800&f=png,http://www.auroragroup.se/actions/aGetImage.aspx?n=165841_03.jpg&s=800x800&f=png,http://www.auroragroup.se/actions/aGetImage.aspx?n=165841_04.jpg&s=800x800&f=png,http://www.auroragroup.se/actions/aGetImage.aspx?n=165841_05.jpg&s=800x800&f=png,http://www.auroragroup.se/actions/aGetImage.aspx?n=165841_06.jpg&s=800x800&f=png,http://www.auroragroup.se/actions/aGetImage.aspx?n=165841_07.jpg&s=800x800&f=png, , , , , , , , ,http://www.auroragroup.se/sv/#ac=m_W3S&ns=ns2&pi=p165841&vs=v3
NEW,SOUND & PICTURE,STREETZ CM-755 Vattentålig Bluetooth-högtalare IPX5  blå,255.61,399.00,7333048030849,CM755,165842,79.24,0.3,0,<div class="pi_summary">Kraftfull- bärbar och cool. Med denna trådlösa högtalare i tygdesign från STREETZ kan du och dina vänner njuta av musik på språng. Vill du inte använda Bluetooth så har den en 3-5mm ljudingång.<br><br>Trots sin storlek kommer denna 2x5W-högtalare ge dig bra ljud- timmar av musik och den kan också fungera som högtalartelefon om det behövs.</div>,http://www.auroragroup.se/actions/aGetImage.aspx?n=165842_01.jpg&s=800x800&f=png,http://www.auroragroup.se/actions/aGetImage.aspx?n=165842_02.jpg&s=800x800&f=png,http://www.auroragroup.se/actions/aGetImage.aspx?n=165842_03.jpg&s=800x800&f=png,http://www.auroragroup.se/actions/aGetImage.aspx?n=165842_04.jpg&s=800x800&f=png,http://www.auroragroup.se/actions/aGetImage.aspx?n=165842_05.jpg&s=800x800&f=png,http://www.auroragroup.se/actions/aGetImage.aspx?n=165842_06.jpg&s=800x800&f=png,http://www.auroragroup.se/actions/aGetImage.aspx?n=165842_07.jpg&s=800x800&f=png,http://www.auroragroup.se/actions/aGetImage.aspx?n=165842_08.jpg&s=800x800&f=png, , , , , , , ,http://www.auroragroup.se/sv/#ac=m_W3S&ns=ns2&pi=p165842&vs=v3
NEW,SOUND & PICTURE,STREETZ CM-757 Vattentålig BT-högtalare  IPX5  orange,255.61,399.00,7333048030863,CM757,165839,79.24,0.4,0,<div class="pi_summary">Smidig och kraftfull- bärbar och cool. Med denna trådlösa högtalare i tygdesign från STREETZ kan du och dina vänner njuta av musik på språng. Vill du inte använda Bluetooth har den en 3-5mm ljudingång.<br><br>Trots sin storlek kommer denna 2x5W-högtalare med förbättrad bas- tack vare den passiva slavbasen- att ge dig många timmar av musik. Den kan även fungera som högtalartelefon. Smidigt att kunna svara och prata utan att plocka upp telefonen.</div>,http://www.auroragroup.se/actions/aGetImage.aspx?n=165839_01.jpg&s=800x800&f=png,http://www.auroragroup.se/actions/aGetImage.aspx?n=165839_02.jpg&s=800x800&f=png,http://www.auroragroup.se/actions/aGetImage.aspx?n=165839_03.jpg&s=800x800&f=png,http://www.auroragroup.se/actions/aGetImage.aspx?n=165839_04.jpg&s=800x800&f=png,http://www.auroragroup.se/actions/aGetImage.aspx?n=165839_05.jpg&s=800x800&f=png,http://www.auroragroup.se/actions/aGetImage.aspx?n=165839_06.jpg&s=800x800&f=png,http://www.auroragroup.se/actions/aGetImage.aspx?n=165839_07.jpg&s=800x800&f=png, , , , , , , , ,http://www.auroragroup.se/sv/#ac=m_W3S&ns=ns2&pi=p165839&vs=v3
NEW,SOUND & PICTURE,STREETZ CM-758 Vattentålig Bluetooth-högtalare IPX5  blå,255.61,399.00,7333048030870,CM758,165840,79.24,0.4,0,<div class="pi_summary">Smidig och kraftfull- bärbar och cool. Med denna trådlösa högtalare i tygdesign från STREETZ kan du och dina vänner njuta av musik på språng. Vill du inte använda Bluetooth har den en 3-5mm ljudingång.<br><br>Trots sin storlek kommer denna 2x5W-högtalare med förbättrad bas- tack vare den passiva slavbasen- att ge dig många timmar av musik. Den kan även fungera som högtalartelefon. Smidigt att kunna svara och prata utan att plocka upp telefonen.</div>,http://www.auroragroup.se/actions/aGetImage.aspx?n=165840_01.jpg&s=800x800&f=png,http://www.auroragroup.se/actions/aGetImage.aspx?n=165840_02.jpg&s=800x800&f=png,http://www.auroragroup.se/actions/aGetImage.aspx?n=165840_03.jpg&s=800x800&f=png,http://www.auroragroup.se/actions/aGetImage.aspx?n=165840_04.jpg&s=800x800&f=png,http://www.auroragroup.se/actions/aGetImage.aspx?n=165840_05.jpg&s=800x800&f=png,http://www.auroragroup.se/actions/aGetImage.aspx?n=165840_06.jpg&s=800x800&f=png,http://www.auroragroup.se/actions/aGetImage.aspx?n=165840_07.jpg&s=800x800&f=png,http://www.auroragroup.se/actions/aGetImage.aspx?n=165840_08.jpg&s=800x800&f=png, , , , , , , ,http://www.auroragroup.se/sv/#ac=m_W3S&ns=ns2&pi=p165840&vs=v3
NEW,SOUND & PICTURE,STREETZ TWS-0001 In-ear True Wireless öronsnäckor  m/fodral  svart,279.35,499.00,7333048041760,TWS-0001,165847,149.56,Okänt,100+,<div class="pi_summary">Trött på kablar och vill ha verklig trådlös frihet? Du behöver inte leta längre. Vi presenterar de helt trådlösa stereohörlurarna från STREETZ! Små men kraftfulla öronsnäckor med bra ljud och fungerar lika bra för musik och media som för telefonsamtal. På hörlurarna sitter knappar för att styra musik- media och svara på/avsluta telefonsamtal.<br><br></div>,http://www.auroragroup.se/actions/aGetImage.aspx?n=165847_01.jpg&s=800x800&f=png,http://www.auroragroup.se/actions/aGetImage.aspx?n=165847_02.jpg&s=800x800&f=png,http://www.auroragroup.se/actions/aGetImage.aspx?n=165847_03.jpg&s=800x800&f=png,http://www.auroragroup.se/actions/aGetImage.aspx?n=165847_04.jpg&s=800x800&f=png,http://www.auroragroup.se/actions/aGetImage.aspx?n=165847_05.jpg&s=800x800&f=png,http://www.auroragroup.se/actions/aGetImage.aspx?n=165847_06.jpg&s=800x800&f=png,http://www.auroragroup.se/actions/aGetImage.aspx?n=165847_07.jpg&s=800x800&f=png, , , , , , , , ,http://www.auroragroup.se/sv/#ac=m_W3S&ns=ns2&pi=p165847&vs=v3
NEW,SOUND & PICTURE,STREETZ TWS-0002 In-ear True Wireless öronsnäckor  m/fodral  vit,279.35,499.00,7333048041777,TWS-0002,165848,149.56,Okänt,100+,<div class="pi_summary">Trött på kablar och vill ha verklig trådlös frihet? Du behöver inte leta längre. Vi presenterar de helt trådlösa stereohörlurarna från STREETZ! Små men kraftfulla öronsnäckor med bra ljud och fungerar lika bra för musik och media som för telefonsamtal. På hörlurarna sitter knappar för att styra musik- media och svara på/avsluta telefonsamtal.<br></div>,http://www.auroragroup.se/actions/aGetImage.aspx?n=165848_01.jpg&s=800x800&f=png,http://www.auroragroup.se/actions/aGetImage.aspx?n=165848_02.jpg&s=800x800&f=png,http://www.auroragroup.se/actions/aGetImage.aspx?n=165848_03.jpg&s=800x800&f=png,http://www.auroragroup.se/actions/aGetImage.aspx?n=165848_04.jpg&s=800x800&f=png,http://www.auroragroup.se/actions/aGetImage.aspx?n=165848_05.jpg&s=800x800&f=png,http://www.auroragroup.se/actions/aGetImage.aspx?n=165848_06.jpg&s=800x800&f=png,http://www.auroragroup.se/actions/aGetImage.aspx?n=165848_07.jpg&s=800x800&f=png, , , , , , , , ,http://www.auroragroup.se/sv/#ac=m_W3S&ns=ns2&pi=p165848&vs=v3
NEW,SOUND & PICTURE,BuddyPhones Cosmos Over-ear headphone BT ANC  Blue,758.87,1299.00,727542485101,BT-BP-COSMOS-DRAGON,177881,350.16,0.54,0,<ul id="bullets"><li class="bullet">Super Durable Housing &amp; Headband</li><li class="bullet">18-hour Battery Life (playback + ANC)</li><li class="bullet">Anti-allergic Earpads</li><li class="bullet">Works w/o battery</li><li class="bullet">Backup BuddyCable for sharing</li><li class="bullet">Foldable &amp; Compact</li><li class="bullet">Hard-case Travel Bag</li></ul><div class="pi_summary">The wireless BuddyPhones Cosmos are the world’s only headphones to combine active noise-cancelling technology- volume-limiting circuitry- and 3 listening settings in one premium safe audio product for kids.<br><br>The foldable Cosmos has an 18-hour battery life- works without battery using the backup BuddyCable- can plug multiple listeners to one device- and comes with a hard case for storage.</div>,http://www.auroragroup.se/actions/aGetImage.aspx?n=177881_01.jpg&s=800x800&f=png,http://www.auroragroup.se/actions/aGetImage.aspx?n=177881_02.jpg&s=800x800&f=png,http://www.auroragroup.se/actions/aGetImage.aspx?n=177881_03.jpg&s=800x800&f=png,http://www.auroragroup.se/actions/aGetImage.aspx?n=177881_04.jpg&s=800x800&f=png,http://www.auroragroup.se/actions/aGetImage.aspx?n=177881_05.jpg&s=800x800&f=png,http://www.auroragroup.se/actions/aGetImage.aspx?n=177881_06.jpg&s=800x800&f=png,http://www.auroragroup.se/actions/aGetImage.aspx?n=177881_07.jpg&s=800x800&f=png,http://www.auroragroup.se/actions/aGetImage.aspx?n=177881_08.jpg&s=800x800&f=png, , , , , , , ,http://www.auroragroup.se/sv/#ac=m_W3S&ns=ns2&pi=p177881&vs=v3
